{
  "project_info": {
    "project_number": "783004625821",
    "firebase_url": "https://s8ul-9e12c-default-rtdb.firebaseio.com",
    "project_id": "s8ul-9e12c",
    "storage_bucket": "s8ul-9e12c.appspot.com"
  },
  "client": [
    {
      "client_info": {
        "mobilesdk_app_id": "1:783004625821:android:4736f7f762425e1d001d74",
        "android_client_info": {
          "package_name": "com.example.creators_update_app"
        }
      },
      "oauth_client": [
        {
          "client_id": "783004625821-h5av8265raafobsao0b81o8jb0nqfnbf.apps.googleusercontent.com",
          "client_type": 1,
          "android_info": {
            "package_name": "com.example.creators_update_app",
            "certificate_hash": "6cdc40b5203786f86e356c6844b8337d07b55266"
          }
        },
        {
          "client_id": "783004625821-0bl87vge5ii03phddvhqpohk1456ufqp.apps.googleusercontent.com",
          "client_type": 3
        }
      ],
      "api_key": [
        {
          "current_key": "AIzaSyCh8YQ8KDoIxwxv1WiW03dnu2JqH-3Q760"
        }
      ],
      "services": {
        "appinvite_service": {
          "other_platform_oauth_client": [
            {
              "client_id": "783004625821-0bl87vge5ii03phddvhqpohk1456ufqp.apps.googleusercontent.com",
              "client_type": 3
            }
          ]
        }
      }
    },
    {
      "client_info": {
        "mobilesdk_app_id": "1:783004625821:android:8b6f646e0089453b001d74",
        "android_client_info": {
          "package_name": "com.example.s8ulorg"
        }
      },
      "oauth_client": [
        {
          "client_id": "783004625821-cikfroh6qb50uqukejaj97juocup0nvb.apps.googleusercontent.com",
          "client_type": 1,
          "android_info": {
            "package_name": "com.example.s8ulorg",
            "certificate_hash": "6cdc40b5203786f86e356c6844b8337d07b55266"
          }
        },
        {
          "client_id": "783004625821-qq5c7akqqrlhmc3ei0huiv7geeup7bh0.apps.googleusercontent.com",
          "client_type": 1,
          "android_info": {
            "package_name": "com.example.s8ulorg",
            "certificate_hash": "f15ff5991f9a8fa6e27c08eb49140bb49de99aed"
          }
        },
        {
          "client_id": "783004625821-0bl87vge5ii03phddvhqpohk1456ufqp.apps.googleusercontent.com",
          "client_type": 3
        }
      ],
      "api_key": [
        {
          "current_key": "AIzaSyCh8YQ8KDoIxwxv1WiW03dnu2JqH-3Q760"
        }
      ],
      "services": {
        "appinvite_service": {
          "other_platform_oauth_client": [
            {
              "client_id": "783004625821-0bl87vge5ii03phddvhqpohk1456ufqp.apps.googleusercontent.com",
              "client_type": 3
            }
          ]
        }
      }
    }
  ],
  "configuration_version": "1"
}